distribution,mu,scale
Normal,3.5714671706431306e-4,0.008112141194575219
Laplace,3.5714671706431306e-4,0.0057361500486268775
